model,stride,common_frames,common_keyframe_hash,AP50_percent,AP50_95_percent,delta_AP50_pp,status
full,1,4683,ab421faf61967f61aae171d9ac5333a10e6d3ca23a5441be1458c8172cbcd8e0,84.72557177368519,57.850683239316005,0.0,verified
full,2,4683,ab421faf61967f61aae171d9ac5333a10e6d3ca23a5441be1458c8172cbcd8e0,84.56511108319631,57.73330344592635,-0.1604606904888839,verified
full,4,4683,ab421faf61967f61aae171d9ac5333a10e6d3ca23a5441be1458c8172cbcd8e0,84.44435392332836,57.680556984274034,-0.28121785035682967,verified
STF-3DConv,1,4683,ab421faf61967f61aae171d9ac5333a10e6d3ca23a5441be1458c8172cbcd8e0,86.74821676889614,61.87745618477636,0.0,verified
STF-3DConv,2,4683,ab421faf61967f61aae171d9ac5333a10e6d3ca23a5441be1458c8172cbcd8e0,86.64659150367477,62.03805854226769,-0.10162526522137227,verified
STF-3DConv,4,4683,ab421faf61967f61aae171d9ac5333a10e6d3ca23a5441be1458c8172cbcd8e0,86.42950211462261,61.993892183662226,-0.31871465427353307,verified
DFAR,1,4683,,,,,blocked_source_provenance
DFAR,2,4683,,,,,blocked_source_provenance
DFAR,4,4683,,,,,blocked_source_provenance
