experiment_id,model,dataset,split_hash,seed,checkpoint,protocol_id,metric_name,metric_value,unit,provenance,status,formal
HIST_runs__compare_result__ablation__Ablation__DAUB__IFSSblockVSS__weights__best.pt,IFSSblockVSS,DAUB,,0,/home/dell/lxs/tsgmamba/ultralytics-main/runs/compare_result/ablation/Ablation/DAUB/IFSSblockVSS/weights/best.pt,historical_unlocked,AP50,91.116,percent,checkpoint-embedded training validation; historical split hash unavailable,diagnostic,False
HIST_runs__compare_result__ablation__Ablation__DAUB__IFSSblockVSS__weights__best.pt,IFSSblockVSS,DAUB,,0,/home/dell/lxs/tsgmamba/ultralytics-main/runs/compare_result/ablation/Ablation/DAUB/IFSSblockVSS/weights/best.pt,historical_unlocked,AP50-95,61.729,percent,checkpoint-embedded training validation; historical split hash unavailable,diagnostic,False
HIST_runs__compare_result__ablation__Ablation__DAUB__LFSSBlock_wo_sfi__weights__best.pt,LFSSBlock_wo_sfi,DAUB,,0,/home/dell/lxs/tsgmamba/ultralytics-main/runs/compare_result/ablation/Ablation/DAUB/LFSSBlock_wo_sfi/weights/best.pt,historical_unlocked,AP50,94.196,percent,checkpoint-embedded training validation; historical split hash unavailable,diagnostic,False
HIST_runs__compare_result__ablation__Ablation__DAUB__LFSSBlock_wo_sfi__weights__best.pt,LFSSBlock_wo_sfi,DAUB,,0,/home/dell/lxs/tsgmamba/ultralytics-main/runs/compare_result/ablation/Ablation/DAUB/LFSSBlock_wo_sfi/weights/best.pt,historical_unlocked,AP50-95,63.334,percent,checkpoint-embedded training validation; historical split hash unavailable,diagnostic,False
HIST_runs__compare_result__ablation__Ablation__DAUB__conv3d-TIMSSM__weights__best.pt,conv3d-TIMSSM,DAUB,,0,/home/dell/lxs/tsgmamba/ultralytics-main/runs/compare_result/ablation/Ablation/DAUB/conv3d-TIMSSM/weights/best.pt,historical_unlocked,AP50,94.876,percent,checkpoint-embedded training validation; historical split hash unavailable,diagnostic,False
HIST_runs__compare_result__ablation__Ablation__DAUB__conv3d-TIMSSM__weights__best.pt,conv3d-TIMSSM,DAUB,,0,/home/dell/lxs/tsgmamba/ultralytics-main/runs/compare_result/ablation/Ablation/DAUB/conv3d-TIMSSM/weights/best.pt,historical_unlocked,AP50-95,63.071999999999996,percent,checkpoint-embedded training validation; historical split hash unavailable,diagnostic,False
HIST_runs__compare_result__ablation__Ablation__DAUB__dcn__weights__best.pt,dcn,DAUB,,0,/home/dell/lxs/tsgmamba/ultralytics-main/runs/compare_result/ablation/Ablation/DAUB/dcn/weights/best.pt,historical_unlocked,AP50,96.145,percent,checkpoint-embedded training validation; historical split hash unavailable,diagnostic,False
HIST_runs__compare_result__ablation__Ablation__DAUB__dcn__weights__best.pt,dcn,DAUB,,0,/home/dell/lxs/tsgmamba/ultralytics-main/runs/compare_result/ablation/Ablation/DAUB/dcn/weights/best.pt,historical_unlocked,AP50-95,64.155,percent,checkpoint-embedded training validation; historical split hash unavailable,diagnostic,False
HIST_runs__compare_result__ablation__Ablation__DAUB__deepssstage_8790__weights__best.pt,deepssstage_8790,DAUB,,0,/home/dell/lxs/tsgmamba/ultralytics-main/runs/compare_result/ablation/Ablation/DAUB/deepssstage_8790/weights/best.pt,historical_unlocked,AP50,87.931,percent,checkpoint-embedded training validation; historical split hash unavailable,diagnostic,False
HIST_runs__compare_result__ablation__Ablation__DAUB__deepssstage_8790__weights__best.pt,deepssstage_8790,DAUB,,0,/home/dell/lxs/tsgmamba/ultralytics-main/runs/compare_result/ablation/Ablation/DAUB/deepssstage_8790/weights/best.pt,historical_unlocked,AP50-95,55.882,percent,checkpoint-embedded training validation; historical split hash unavailable,diagnostic,False
HIST_runs__compare_result__ablation__Ablation__DAUB__deepstage_ifss_7251__weights__best.pt,deepstage_ifss_7251,DAUB,,0,/home/dell/lxs/tsgmamba/ultralytics-main/runs/compare_result/ablation/Ablation/DAUB/deepstage_ifss_7251/weights/best.pt,historical_unlocked,AP50,72.54899999999999,percent,checkpoint-embedded training validation; historical split hash unavailable,diagnostic,False
HIST_runs__compare_result__ablation__Ablation__DAUB__deepstage_ifss_7251__weights__best.pt,deepstage_ifss_7251,DAUB,,0,/home/dell/lxs/tsgmamba/ultralytics-main/runs/compare_result/ablation/Ablation/DAUB/deepstage_ifss_7251/weights/best.pt,historical_unlocked,AP50-95,44.338,percent,checkpoint-embedded training validation; historical split hash unavailable,diagnostic,False
HIST_runs__compare_result__ablation__Ablation__DAUB__deepstage_stride16_9114__weights__best.pt,deepstage_stride16_9114,DAUB,,0,/home/dell/lxs/tsgmamba/ultralytics-main/runs/compare_result/ablation/Ablation/DAUB/deepstage_stride16_9114/weights/best.pt,historical_unlocked,AP50,91.143,percent,checkpoint-embedded training validation; historical split hash unavailable,diagnostic,False
HIST_runs__compare_result__ablation__Ablation__DAUB__deepstage_stride16_9114__weights__best.pt,deepstage_stride16_9114,DAUB,,0,/home/dell/lxs/tsgmamba/ultralytics-main/runs/compare_result/ablation/Ablation/DAUB/deepstage_stride16_9114/weights/best.pt,historical_unlocked,AP50-95,54.722,percent,checkpoint-embedded training validation; historical split hash unavailable,diagnostic,False
HIST_runs__compare_result__ablation__Ablation__DAUB__deepstage_stride2_9487__weights__best.pt,deepstage_stride2_9487,DAUB,,0,/home/dell/lxs/tsgmamba/ultralytics-main/runs/compare_result/ablation/Ablation/DAUB/deepstage_stride2_9487/weights/best.pt,historical_unlocked,AP50,94.867,percent,checkpoint-embedded training validation; historical split hash unavailable,diagnostic,False
HIST_runs__compare_result__ablation__Ablation__DAUB__deepstage_stride2_9487__weights__best.pt,deepstage_stride2_9487,DAUB,,0,/home/dell/lxs/tsgmamba/ultralytics-main/runs/compare_result/ablation/Ablation/DAUB/deepstage_stride2_9487/weights/best.pt,historical_unlocked,AP50-95,59.779,percent,checkpoint-embedded training validation; historical split hash unavailable,diagnostic,False
HIST_runs__compare_result__ablation__Ablation__DAUB__deepstage_stride4_9167__weights__best.pt,deepstage_stride4_9167,DAUB,,0,/home/dell/lxs/tsgmamba/ultralytics-main/runs/compare_result/ablation/Ablation/DAUB/deepstage_stride4_9167/weights/best.pt,historical_unlocked,AP50,91.645,percent,checkpoint-embedded training validation; historical split hash unavailable,diagnostic,False
HIST_runs__compare_result__ablation__Ablation__DAUB__deepstage_stride4_9167__weights__best.pt,deepstage_stride4_9167,DAUB,,0,/home/dell/lxs/tsgmamba/ultralytics-main/runs/compare_result/ablation/Ablation/DAUB/deepstage_stride4_9167/weights/best.pt,historical_unlocked,AP50-95,55.867999999999995,percent,checkpoint-embedded training validation; historical split hash unavailable,diagnostic,False
HIST_runs__compare_result__ablation__Ablation__DAUB__deepstage_stride8_8876__weights__best.pt,deepstage_stride8_8876,DAUB,,0,/home/dell/lxs/tsgmamba/ultralytics-main/runs/compare_result/ablation/Ablation/DAUB/deepstage_stride8_8876/weights/best.pt,historical_unlocked,AP50,89.079,percent,checkpoint-embedded training validation; historical split hash unavailable,diagnostic,False
HIST_runs__compare_result__ablation__Ablation__DAUB__deepstage_stride8_8876__weights__best.pt,deepstage_stride8_8876,DAUB,,0,/home/dell/lxs/tsgmamba/ultralytics-main/runs/compare_result/ablation/Ablation/DAUB/deepstage_stride8_8876/weights/best.pt,historical_unlocked,AP50-95,53.576,percent,checkpoint-embedded training validation; historical split hash unavailable,diagnostic,False
HIST_runs__compare_result__ablation__Ablation__DAUB__err_STE_stage__weights__best.pt,err_STE_stage,DAUB,,0,/home/dell/lxs/tsgmamba/ultralytics-main/runs/compare_result/ablation/Ablation/DAUB/err_STE_stage/weights/best.pt,historical_unlocked,AP50,87.809,percent,checkpoint-embedded training validation; historical split hash unavailable,diagnostic,False
HIST_runs__compare_result__ablation__Ablation__DAUB__err_STE_stage__weights__best.pt,err_STE_stage,DAUB,,0,/home/dell/lxs/tsgmamba/ultralytics-main/runs/compare_result/ablation/Ablation/DAUB/err_STE_stage/weights/best.pt,historical_unlocked,AP50-95,54.791999999999994,percent,checkpoint-embedded training validation; historical split hash unavailable,diagnostic,False
HIST_runs__compare_result__ablation__Ablation__DAUB__err_video_sste_stage__weights__best.pt,err_video_sste_stage,DAUB,,0,/home/dell/lxs/tsgmamba/ultralytics-main/runs/compare_result/ablation/Ablation/DAUB/err_video_sste_stage/weights/best.pt,historical_unlocked,AP50,86.89099999999999,percent,checkpoint-embedded training validation; historical split hash unavailable,diagnostic,False
HIST_runs__compare_result__ablation__Ablation__DAUB__err_video_sste_stage__weights__best.pt,err_video_sste_stage,DAUB,,0,/home/dell/lxs/tsgmamba/ultralytics-main/runs/compare_result/ablation/Ablation/DAUB/err_video_sste_stage/weights/best.pt,historical_unlocked,AP50-95,52.61900000000001,percent,checkpoint-embedded training validation; historical split hash unavailable,diagnostic,False
HIST_runs__compare_result__ablation__Ablation__DAUB__frame3__weights__best.pt,frame3,DAUB,,0,/home/dell/lxs/tsgmamba/ultralytics-main/runs/compare_result/ablation/Ablation/DAUB/frame3/weights/best.pt,historical_unlocked,AP50,95.748,percent,checkpoint-embedded training validation; historical split hash unavailable,diagnostic,False
HIST_runs__compare_result__ablation__Ablation__DAUB__frame3__weights__best.pt,frame3,DAUB,,0,/home/dell/lxs/tsgmamba/ultralytics-main/runs/compare_result/ablation/Ablation/DAUB/frame3/weights/best.pt,historical_unlocked,AP50-95,63.656,percent,checkpoint-embedded training validation; historical split hash unavailable,diagnostic,False
HIST_runs__compare_result__ablation__Ablation__DAUB__frame3_yaml__weights__best.pt,frame3_yaml,DAUB,,0,/home/dell/lxs/tsgmamba/ultralytics-main/runs/compare_result/ablation/Ablation/DAUB/frame3_yaml/weights/best.pt,historical_unlocked,AP50,94.714,percent,checkpoint-embedded training validation; historical split hash unavailable,diagnostic,False
HIST_runs__compare_result__ablation__Ablation__DAUB__frame3_yaml__weights__best.pt,frame3_yaml,DAUB,,0,/home/dell/lxs/tsgmamba/ultralytics-main/runs/compare_result/ablation/Ablation/DAUB/frame3_yaml/weights/best.pt,historical_unlocked,AP50-95,62.773,percent,checkpoint-embedded training validation; historical split hash unavailable,diagnostic,False
HIST_runs__compare_result__ablation__Ablation__DAUB__frame4__weights__best.pt,frame4,DAUB,,0,/home/dell/lxs/tsgmamba/ultralytics-main/runs/compare_result/ablation/Ablation/DAUB/frame4/weights/best.pt,historical_unlocked,AP50,93.647,percent,checkpoint-embedded training validation; historical split hash unavailable,diagnostic,False
HIST_runs__compare_result__ablation__Ablation__DAUB__frame4__weights__best.pt,frame4,DAUB,,0,/home/dell/lxs/tsgmamba/ultralytics-main/runs/compare_result/ablation/Ablation/DAUB/frame4/weights/best.pt,historical_unlocked,AP50-95,62.326,percent,checkpoint-embedded training validation; historical split hash unavailable,diagnostic,False
HIST_runs__compare_result__ablation__Ablation__DAUB__frame5__weights__best.pt,frame5,DAUB,,0,/home/dell/lxs/tsgmamba/ultralytics-main/runs/compare_result/ablation/Ablation/DAUB/frame5/weights/best.pt,historical_unlocked,AP50,94.42,percent,checkpoint-embedded training validation; historical split hash unavailable,diagnostic,False
HIST_runs__compare_result__ablation__Ablation__DAUB__frame5__weights__best.pt,frame5,DAUB,,0,/home/dell/lxs/tsgmamba/ultralytics-main/runs/compare_result/ablation/Ablation/DAUB/frame5/weights/best.pt,historical_unlocked,AP50-95,62.477000000000004,percent,checkpoint-embedded training validation; historical split hash unavailable,diagnostic,False
HIST_runs__compare_result__ablation__Ablation__DAUB__frame7__weights__best.pt,frame7,DAUB,,0,/home/dell/lxs/tsgmamba/ultralytics-main/runs/compare_result/ablation/Ablation/DAUB/frame7/weights/best.pt,historical_unlocked,AP50,96.37400000000001,percent,checkpoint-embedded training validation; historical split hash unavailable,diagnostic,False
HIST_runs__compare_result__ablation__Ablation__DAUB__frame7__weights__best.pt,frame7,DAUB,,0,/home/dell/lxs/tsgmamba/ultralytics-main/runs/compare_result/ablation/Ablation/DAUB/frame7/weights/best.pt,historical_unlocked,AP50-95,62.59400000000001,percent,checkpoint-embedded training validation; historical split hash unavailable,diagnostic,False
HIST_runs__compare_result__ablation__Ablation__DAUB__frame7_1280__weights__best.pt,frame7_1280,DAUB,,0,/home/dell/lxs/tsgmamba/ultralytics-main/runs/compare_result/ablation/Ablation/DAUB/frame7_1280/weights/best.pt,historical_unlocked,AP50,95.85000000000001,percent,checkpoint-embedded training validation; historical split hash unavailable,diagnostic,False
HIST_runs__compare_result__ablation__Ablation__DAUB__frame7_1280__weights__best.pt,frame7_1280,DAUB,,0,/home/dell/lxs/tsgmamba/ultralytics-main/runs/compare_result/ablation/Ablation/DAUB/frame7_1280/weights/best.pt,historical_unlocked,AP50-95,64.30799999999999,percent,checkpoint-embedded training validation; historical split hash unavailable,diagnostic,False
HIST_runs__compare_result__ablation__Ablation__DAUB__frame7_dcn__weights__best.pt,frame7_dcn,DAUB,,0,/home/dell/lxs/tsgmamba/ultralytics-main/runs/compare_result/ablation/Ablation/DAUB/frame7_dcn/weights/best.pt,historical_unlocked,AP50,95.59,percent,checkpoint-embedded training validation; historical split hash unavailable,diagnostic,False
HIST_runs__compare_result__ablation__Ablation__DAUB__frame7_dcn__weights__best.pt,frame7_dcn,DAUB,,0,/home/dell/lxs/tsgmamba/ultralytics-main/runs/compare_result/ablation/Ablation/DAUB/frame7_dcn/weights/best.pt,historical_unlocked,AP50-95,62.865,percent,checkpoint-embedded training validation; historical split hash unavailable,diagnostic,False
HIST_runs__compare_result__ablation__Ablation__DAUB__frame7yaml__weights__best.pt,frame7yaml,DAUB,,0,/home/dell/lxs/tsgmamba/ultralytics-main/runs/compare_result/ablation/Ablation/DAUB/frame7yaml/weights/best.pt,historical_unlocked,AP50,94.254,percent,checkpoint-embedded training validation; historical split hash unavailable,diagnostic,False
HIST_runs__compare_result__ablation__Ablation__DAUB__frame7yaml__weights__best.pt,frame7yaml,DAUB,,0,/home/dell/lxs/tsgmamba/ultralytics-main/runs/compare_result/ablation/Ablation/DAUB/frame7yaml/weights/best.pt,historical_unlocked,AP50-95,62.757,percent,checkpoint-embedded training validation; historical split hash unavailable,diagnostic,False
HIST_runs__compare_result__ablation__Ablation__DAUB__frame9__weights__best.pt,frame9,DAUB,,0,/home/dell/lxs/tsgmamba/ultralytics-main/runs/compare_result/ablation/Ablation/DAUB/frame9/weights/best.pt,historical_unlocked,AP50,94.972,percent,checkpoint-embedded training validation; historical split hash unavailable,diagnostic,False
HIST_runs__compare_result__ablation__Ablation__DAUB__frame9__weights__best.pt,frame9,DAUB,,0,/home/dell/lxs/tsgmamba/ultralytics-main/runs/compare_result/ablation/Ablation/DAUB/frame9/weights/best.pt,historical_unlocked,AP50-95,63.609,percent,checkpoint-embedded training validation; historical split hash unavailable,diagnostic,False
HIST_runs__compare_result__ablation__Ablation__DAUB__frame9_yaml__weights__best.pt,frame9_yaml,DAUB,,0,/home/dell/lxs/tsgmamba/ultralytics-main/runs/compare_result/ablation/Ablation/DAUB/frame9_yaml/weights/best.pt,historical_unlocked,AP50,93.597,percent,checkpoint-embedded training validation; historical split hash unavailable,diagnostic,False
HIST_runs__compare_result__ablation__Ablation__DAUB__frame9_yaml__weights__best.pt,frame9_yaml,DAUB,,0,/home/dell/lxs/tsgmamba/ultralytics-main/runs/compare_result/ablation/Ablation/DAUB/frame9_yaml/weights/best.pt,historical_unlocked,AP50-95,61.94499999999999,percent,checkpoint-embedded training validation; historical split hash unavailable,diagnostic,False
HIST_runs__compare_result__ablation__Ablation__DAUB__fullsize_model__weights__best.pt,fullsize_model,DAUB,,0,/home/dell/lxs/tsgmamba/ultralytics-main/runs/compare_result/ablation/Ablation/DAUB/fullsize_model/weights/best.pt,historical_unlocked,AP50,94.998,percent,checkpoint-embedded training validation; historical split hash unavailable,diagnostic,False
HIST_runs__compare_result__ablation__Ablation__DAUB__fullsize_model__weights__best.pt,fullsize_model,DAUB,,0,/home/dell/lxs/tsgmamba/ultralytics-main/runs/compare_result/ablation/Ablation/DAUB/fullsize_model/weights/best.pt,historical_unlocked,AP50-95,63.515,percent,checkpoint-embedded training validation; historical split hash unavailable,diagnostic,False
HIST_runs__compare_result__ablation__Ablation__DAUB__lfss_vssblock__weights__best.pt,lfss_vssblock,DAUB,,0,/home/dell/lxs/tsgmamba/ultralytics-main/runs/compare_result/ablation/Ablation/DAUB/lfss_vssblock/weights/best.pt,historical_unlocked,AP50,89.748,percent,checkpoint-embedded training validation; historical split hash unavailable,diagnostic,False
HIST_runs__compare_result__ablation__Ablation__DAUB__lfss_vssblock__weights__best.pt,lfss_vssblock,DAUB,,0,/home/dell/lxs/tsgmamba/ultralytics-main/runs/compare_result/ablation/Ablation/DAUB/lfss_vssblock/weights/best.pt,historical_unlocked,AP50-95,59.809999999999995,percent,checkpoint-embedded training validation; historical split hash unavailable,diagnostic,False
HIST_runs__compare_result__ablation__Ablation__DAUB__sst_stage_lfss__weights__best.pt,sst_stage_lfss,DAUB,,0,/home/dell/lxs/tsgmamba/ultralytics-main/runs/compare_result/ablation/Ablation/DAUB/sst_stage_lfss/weights/best.pt,historical_unlocked,AP50,93.638,percent,checkpoint-embedded training validation; historical split hash unavailable,diagnostic,False
HIST_runs__compare_result__ablation__Ablation__DAUB__sst_stage_lfss__weights__best.pt,sst_stage_lfss,DAUB,,0,/home/dell/lxs/tsgmamba/ultralytics-main/runs/compare_result/ablation/Ablation/DAUB/sst_stage_lfss/weights/best.pt,historical_unlocked,AP50-95,62.565000000000005,percent,checkpoint-embedded training validation; historical split hash unavailable,diagnostic,False
HIST_runs__compare_result__ablation__Ablation__DAUB__sste_stage__weights__best.pt,sste_stage,DAUB,,0,/home/dell/lxs/tsgmamba/ultralytics-main/runs/compare_result/ablation/Ablation/DAUB/sste_stage/weights/best.pt,historical_unlocked,AP50,95.34,percent,checkpoint-embedded training validation; historical split hash unavailable,diagnostic,False
HIST_runs__compare_result__ablation__Ablation__DAUB__sste_stage__weights__best.pt,sste_stage,DAUB,,0,/home/dell/lxs/tsgmamba/ultralytics-main/runs/compare_result/ablation/Ablation/DAUB/sste_stage/weights/best.pt,historical_unlocked,AP50-95,62.239999999999995,percent,checkpoint-embedded training validation; historical split hash unavailable,diagnostic,False
HIST_runs__compare_result__ablation__Ablation__DAUB__viideo_None__weights__best.pt,viideo_None,DAUB,,0,/home/dell/lxs/tsgmamba/ultralytics-main/runs/compare_result/ablation/Ablation/DAUB/viideo_None/weights/best.pt,historical_unlocked,AP50,93.156,percent,checkpoint-embedded training validation; historical split hash unavailable,diagnostic,False
HIST_runs__compare_result__ablation__Ablation__DAUB__viideo_None__weights__best.pt,viideo_None,DAUB,,0,/home/dell/lxs/tsgmamba/ultralytics-main/runs/compare_result/ablation/Ablation/DAUB/viideo_None/weights/best.pt,historical_unlocked,AP50-95,53.808,percent,checkpoint-embedded training validation; historical split hash unavailable,diagnostic,False
HIST_runs__compare_result__ablation__Ablation__DAUB__vssblock__weights__best.pt,vssblock,DAUB,,0,/home/dell/lxs/tsgmamba/ultralytics-main/runs/compare_result/ablation/Ablation/DAUB/vssblock/weights/best.pt,historical_unlocked,AP50,94.387,percent,checkpoint-embedded training validation; historical split hash unavailable,diagnostic,False
HIST_runs__compare_result__ablation__Ablation__DAUB__vssblock__weights__best.pt,vssblock,DAUB,,0,/home/dell/lxs/tsgmamba/ultralytics-main/runs/compare_result/ablation/Ablation/DAUB/vssblock/weights/best.pt,historical_unlocked,AP50-95,63.309000000000005,percent,checkpoint-embedded training validation; historical split hash unavailable,diagnostic,False
HIST_runs__compare_result__ablation__Ablation__DAUB__wodwconv__weights__best.pt,wodwconv,DAUB,,0,/home/dell/lxs/tsgmamba/ultralytics-main/runs/compare_result/ablation/Ablation/DAUB/wodwconv/weights/best.pt,historical_unlocked,AP50,96.282,percent,checkpoint-embedded training validation; historical split hash unavailable,diagnostic,False
HIST_runs__compare_result__ablation__Ablation__DAUB__wodwconv__weights__best.pt,wodwconv,DAUB,,0,/home/dell/lxs/tsgmamba/ultralytics-main/runs/compare_result/ablation/Ablation/DAUB/wodwconv/weights/best.pt,historical_unlocked,AP50-95,64.262,percent,checkpoint-embedded training validation; historical split hash unavailable,diagnostic,False
HIST_runs__compare_result__ablation__Ablation__DAUB__wodwconv_w_dcn__weights__best.pt,wodwconv_w_dcn,DAUB,,0,/home/dell/lxs/tsgmamba/ultralytics-main/runs/compare_result/ablation/Ablation/DAUB/wodwconv_w_dcn/weights/best.pt,historical_unlocked,AP50,95.92,percent,checkpoint-embedded training validation; historical split hash unavailable,diagnostic,False
HIST_runs__compare_result__ablation__Ablation__DAUB__wodwconv_w_dcn__weights__best.pt,wodwconv_w_dcn,DAUB,,0,/home/dell/lxs/tsgmamba/ultralytics-main/runs/compare_result/ablation/Ablation/DAUB/wodwconv_w_dcn/weights/best.pt,historical_unlocked,AP50-95,63.803,percent,checkpoint-embedded training validation; historical split hash unavailable,diagnostic,False
HIST_runs__compare_result__DAUB__my_2timMix_945__weights__best.pt,my_2timMix_945,DAUB,,0,/home/dell/lxs/tsgmamba/ultralytics-main/runs/compare_result/DAUB/my_2timMix_945/weights/best.pt,historical_unlocked,AP50,95.262,percent,checkpoint-embedded training validation; historical split hash unavailable,diagnostic,False
HIST_runs__compare_result__DAUB__my_2timMix_945__weights__best.pt,my_2timMix_945,DAUB,,0,/home/dell/lxs/tsgmamba/ultralytics-main/runs/compare_result/DAUB/my_2timMix_945/weights/best.pt,historical_unlocked,AP50-95,63.458000000000006,percent,checkpoint-embedded training validation; historical split hash unavailable,diagnostic,False
HIST_runs__compare_result__DAUB__fullsize_model__weights__best.pt,fullsize_model,DAUB,,0,/home/dell/lxs/tsgmamba/ultralytics-main/runs/compare_result/DAUB/fullsize_model/weights/best.pt,historical_unlocked,AP50,94.998,percent,checkpoint-embedded training validation; historical split hash unavailable,diagnostic,False
HIST_runs__compare_result__DAUB__fullsize_model__weights__best.pt,fullsize_model,DAUB,,0,/home/dell/lxs/tsgmamba/ultralytics-main/runs/compare_result/DAUB/fullsize_model/weights/best.pt,historical_unlocked,AP50-95,63.515,percent,checkpoint-embedded training validation; historical split hash unavailable,diagnostic,False
HIST_runs__compare_result__DAUB__yolov8n_813__weights__best.pt,yolov8n_813,DAUB,,0,/home/dell/lxs/tsgmamba/ultralytics-main/runs/compare_result/DAUB/yolov8n_813/weights/best.pt,historical_unlocked,AP50,81.267,percent,checkpoint-embedded training validation; historical split hash unavailable,diagnostic,False
HIST_runs__compare_result__DAUB__yolov8n_813__weights__best.pt,yolov8n_813,DAUB,,0,/home/dell/lxs/tsgmamba/ultralytics-main/runs/compare_result/DAUB/yolov8n_813/weights/best.pt,historical_unlocked,AP50-95,53.742999999999995,percent,checkpoint-embedded training validation; historical split hash unavailable,diagnostic,False
HIST_runs__compare_result__ablation__Ablation__IRDST__None__weights__best.pt,None,IRDST,,0,/home/dell/lxs/tsgmamba/ultralytics-main/runs/compare_result/ablation/Ablation/IRDST/None/weights/best.pt,historical_unlocked,AP50,79.633,percent,checkpoint-embedded training validation; historical split hash unavailable,diagnostic,False
HIST_runs__compare_result__ablation__Ablation__IRDST__None__weights__best.pt,None,IRDST,,0,/home/dell/lxs/tsgmamba/ultralytics-main/runs/compare_result/ablation/Ablation/IRDST/None/weights/best.pt,historical_unlocked,AP50-95,34.172000000000004,percent,checkpoint-embedded training validation; historical split hash unavailable,diagnostic,False
HIST_runs__compare_result__ablation__Ablation__IRDST__STE_Stage1__weights__best.pt,STE_Stage1,IRDST,,0,/home/dell/lxs/tsgmamba/ultralytics-main/runs/compare_result/ablation/Ablation/IRDST/STE_Stage1/weights/best.pt,historical_unlocked,AP50,86.788,percent,checkpoint-embedded training validation; historical split hash unavailable,diagnostic,False
HIST_runs__compare_result__ablation__Ablation__IRDST__STE_Stage1__weights__best.pt,STE_Stage1,IRDST,,0,/home/dell/lxs/tsgmamba/ultralytics-main/runs/compare_result/ablation/Ablation/IRDST/STE_Stage1/weights/best.pt,historical_unlocked,AP50-95,50.443000000000005,percent,checkpoint-embedded training validation; historical split hash unavailable,diagnostic,False
HIST_runs__compare_result__ablation__Ablation__IRDST__frame7__weights__best.pt,frame7,IRDST,,0,/home/dell/lxs/tsgmamba/ultralytics-main/runs/compare_result/ablation/Ablation/IRDST/frame7/weights/best.pt,historical_unlocked,AP50,87.54899999999999,percent,checkpoint-embedded training validation; historical split hash unavailable,diagnostic,False
HIST_runs__compare_result__ablation__Ablation__IRDST__frame7__weights__best.pt,frame7,IRDST,,0,/home/dell/lxs/tsgmamba/ultralytics-main/runs/compare_result/ablation/Ablation/IRDST/frame7/weights/best.pt,historical_unlocked,AP50-95,50.824999999999996,percent,checkpoint-embedded training validation; historical split hash unavailable,diagnostic,False
HIST_runs__compare_result__ablation__Ablation__IRDST__sste_stage__weights__best.pt,sste_stage,IRDST,,0,/home/dell/lxs/tsgmamba/ultralytics-main/runs/compare_result/ablation/Ablation/IRDST/sste_stage/weights/best.pt,historical_unlocked,AP50,86.303,percent,checkpoint-embedded training validation; historical split hash unavailable,diagnostic,False
HIST_runs__compare_result__ablation__Ablation__IRDST__sste_stage__weights__best.pt,sste_stage,IRDST,,0,/home/dell/lxs/tsgmamba/ultralytics-main/runs/compare_result/ablation/Ablation/IRDST/sste_stage/weights/best.pt,historical_unlocked,AP50-95,51.226000000000006,percent,checkpoint-embedded training validation; historical split hash unavailable,diagnostic,False
HIST_runs__compare_result__ablation__Ablation__IRDST__sste_stage1__weights__best.pt,sste_stage1,IRDST,,0,/home/dell/lxs/tsgmamba/ultralytics-main/runs/compare_result/ablation/Ablation/IRDST/sste_stage1/weights/best.pt,historical_unlocked,AP50,86.07900000000001,percent,checkpoint-embedded training validation; historical split hash unavailable,diagnostic,False
HIST_runs__compare_result__ablation__Ablation__IRDST__sste_stage1__weights__best.pt,sste_stage1,IRDST,,0,/home/dell/lxs/tsgmamba/ultralytics-main/runs/compare_result/ablation/Ablation/IRDST/sste_stage1/weights/best.pt,historical_unlocked,AP50-95,46.504,percent,checkpoint-embedded training validation; historical split hash unavailable,diagnostic,False
HIST_runs__compare_result__ablation__Ablation__IRDST__stestage_lfss__weights__best.pt,stestage_lfss,IRDST,,0,/home/dell/lxs/tsgmamba/ultralytics-main/runs/compare_result/ablation/Ablation/IRDST/stestage_lfss/weights/best.pt,historical_unlocked,AP50,86.978,percent,checkpoint-embedded training validation; historical split hash unavailable,diagnostic,False
HIST_runs__compare_result__ablation__Ablation__IRDST__stestage_lfss__weights__best.pt,stestage_lfss,IRDST,,0,/home/dell/lxs/tsgmamba/ultralytics-main/runs/compare_result/ablation/Ablation/IRDST/stestage_lfss/weights/best.pt,historical_unlocked,AP50-95,50.124,percent,checkpoint-embedded training validation; historical split hash unavailable,diagnostic,False
HIST_runs__compare_result__ablation__Ablation__IRDST__video_None__weights__best.pt,video_None,IRDST,,0,/home/dell/lxs/tsgmamba/ultralytics-main/runs/compare_result/ablation/Ablation/IRDST/video_None/weights/best.pt,historical_unlocked,AP50,84.456,percent,checkpoint-embedded training validation; historical split hash unavailable,diagnostic,False
HIST_runs__compare_result__ablation__Ablation__IRDST__video_None__weights__best.pt,video_None,IRDST,,0,/home/dell/lxs/tsgmamba/ultralytics-main/runs/compare_result/ablation/Ablation/IRDST/video_None/weights/best.pt,historical_unlocked,AP50-95,48.59,percent,checkpoint-embedded training validation; historical split hash unavailable,diagnostic,False
PAPER_STF_3DCONV,STF-3DConv,DAUB,,,,paper_reported,AP50,94.87,percent,codex/TASKBOOK.md section 3.2B; manuscript unavailable,paper_reported,False
REEVAL_DIAGNOSTIC_conv3d-TIMSSM,conv3d-TIMSSM,DAUB,82bcc58e16fdced421bb35c7ca04d497e0bd7d0fbe1ea0770aa306aefb739a64,0,/home/dell/lxs/tsgmamba/ultralytics-main/runs/compare_result/ablation/Ablation/DAUB/conv3d-TIMSSM/weights/best.pt,diagnostic_current_legacy_val,AP50,94.86842366297542,percent,/home/dell/lxs/tsgmamba/ultralytics-main/revision_work/runs/REEVAL_DIAGNOSTIC_conv3d-TIMSSM/run.json,diagnostic,False
REEVAL_DIAGNOSTIC_conv3d-TIMSSM,conv3d-TIMSSM,DAUB,82bcc58e16fdced421bb35c7ca04d497e0bd7d0fbe1ea0770aa306aefb739a64,0,/home/dell/lxs/tsgmamba/ultralytics-main/runs/compare_result/ablation/Ablation/DAUB/conv3d-TIMSSM/weights/best.pt,diagnostic_current_legacy_val,AP50-95,63.06616100533182,percent,/home/dell/lxs/tsgmamba/ultralytics-main/revision_work/runs/REEVAL_DIAGNOSTIC_conv3d-TIMSSM/run.json,diagnostic,False
REEVAL_DIAGNOSTIC_fullsize_model,fullsize_model,DAUB,82bcc58e16fdced421bb35c7ca04d497e0bd7d0fbe1ea0770aa306aefb739a64,0,/home/dell/lxs/tsgmamba/ultralytics-main/runs/compare_result/ablation/Ablation/DAUB/fullsize_model/weights/best.pt,diagnostic_current_legacy_val,AP50,87.58793069747595,percent,/home/dell/lxs/tsgmamba/ultralytics-main/revision_work/runs/REEVAL_DIAGNOSTIC_fullsize_model/run.json,diagnostic,False
REEVAL_DIAGNOSTIC_fullsize_model,fullsize_model,DAUB,82bcc58e16fdced421bb35c7ca04d497e0bd7d0fbe1ea0770aa306aefb739a64,0,/home/dell/lxs/tsgmamba/ultralytics-main/runs/compare_result/ablation/Ablation/DAUB/fullsize_model/weights/best.pt,diagnostic_current_legacy_val,AP50-95,58.02961522909945,percent,/home/dell/lxs/tsgmamba/ultralytics-main/revision_work/runs/REEVAL_DIAGNOSTIC_fullsize_model/run.json,diagnostic,False
COST_DIAG_fullsize_model,fullsize_model,synthetic,,,/home/dell/lxs/tsgmamba/ultralytics-main/runs/compare_result/ablation/Ablation/DAUB/fullsize_model/weights/best.pt,new_uniform_b1_fp32_640,mean_latency_ms,9.63084143807033,ms/clip,evidence/preflight_cuda_1.json; fixed serialized candidate graph,diagnostic,False
COST_DIAG_fullsize_model,fullsize_model,synthetic,,,/home/dell/lxs/tsgmamba/ultralytics-main/runs/compare_result/ablation/Ablation/DAUB/fullsize_model/weights/best.pt,new_uniform_b1_fp32_640,throughput_clips_s,103.83308731956068,clips/s,evidence/preflight_cuda_1.json; fixed serialized candidate graph,diagnostic,False
COST_DIAG_fullsize_model,fullsize_model,synthetic,,,/home/dell/lxs/tsgmamba/ultralytics-main/runs/compare_result/ablation/Ablation/DAUB/fullsize_model/weights/best.pt,new_uniform_b1_fp32_640,peak_allocated_bytes,383097344,bytes,evidence/preflight_cuda_1.json; fixed serialized candidate graph,diagnostic,False
COST_DIAG_fullsize_model,fullsize_model,synthetic,,,/home/dell/lxs/tsgmamba/ultralytics-main/runs/compare_result/ablation/Ablation/DAUB/fullsize_model/weights/best.pt,new_uniform_b1_fp32_640,params,3993877,parameters,evidence/preflight_cuda_1.json; fixed serialized candidate graph,diagnostic,False
COST_DIAG_conv3d-TIMSSM,conv3d-TIMSSM,synthetic,,,/home/dell/lxs/tsgmamba/ultralytics-main/runs/compare_result/ablation/Ablation/DAUB/conv3d-TIMSSM/weights/best.pt,new_uniform_b1_fp32_640,mean_latency_ms,3.8733794716627976,ms/clip,evidence/preflight_cuda_1.json; fixed serialized candidate graph,diagnostic,False
COST_DIAG_conv3d-TIMSSM,conv3d-TIMSSM,synthetic,,,/home/dell/lxs/tsgmamba/ultralytics-main/runs/compare_result/ablation/Ablation/DAUB/conv3d-TIMSSM/weights/best.pt,new_uniform_b1_fp32_640,throughput_clips_s,258.1724840842179,clips/s,evidence/preflight_cuda_1.json; fixed serialized candidate graph,diagnostic,False
COST_DIAG_conv3d-TIMSSM,conv3d-TIMSSM,synthetic,,,/home/dell/lxs/tsgmamba/ultralytics-main/runs/compare_result/ablation/Ablation/DAUB/conv3d-TIMSSM/weights/best.pt,new_uniform_b1_fp32_640,peak_allocated_bytes,265588736,bytes,evidence/preflight_cuda_1.json; fixed serialized candidate graph,diagnostic,False
COST_DIAG_conv3d-TIMSSM,conv3d-TIMSSM,synthetic,,,/home/dell/lxs/tsgmamba/ultralytics-main/runs/compare_result/ablation/Ablation/DAUB/conv3d-TIMSSM/weights/best.pt,new_uniform_b1_fp32_640,params,4011822,parameters,evidence/preflight_cuda_1.json; fixed serialized candidate graph,diagnostic,False
TEST_B_FULL_0,full,DAUB,82bcc58e16fdced421bb35c7ca04d497e0bd7d0fbe1ea0770aa306aefb739a64,0,/home/dell/lxs/tsgmamba/ultralytics-main/revision_work/series_b/runs/B_FULL_0/weights/selected_final.pt,SSE_DAUB_SERIES_B_20260915,AP50,84.65799244880756,percent,/home/dell/lxs/tsgmamba/ultralytics-main/revision_work/series_b/runs/B_FULL_0/TEST/run.json,verified,True
TEST_B_FULL_0,full,DAUB,82bcc58e16fdced421bb35c7ca04d497e0bd7d0fbe1ea0770aa306aefb739a64,0,/home/dell/lxs/tsgmamba/ultralytics-main/revision_work/series_b/runs/B_FULL_0/weights/selected_final.pt,SSE_DAUB_SERIES_B_20260915,AP50-95,57.798779345376495,percent,/home/dell/lxs/tsgmamba/ultralytics-main/revision_work/series_b/runs/B_FULL_0/TEST/run.json,verified,True
TEST_B_3DCONV_0,stf_3dconv,DAUB,82bcc58e16fdced421bb35c7ca04d497e0bd7d0fbe1ea0770aa306aefb739a64,0,/home/dell/lxs/tsgmamba/ultralytics-main/revision_work/series_b/runs/B_3DCONV_0/weights/selected_final.pt,SSE_DAUB_SERIES_B_20260915,AP50,86.63967434147912,percent,/home/dell/lxs/tsgmamba/ultralytics-main/revision_work/series_b/runs/B_3DCONV_0/TEST/run.json,verified,True
TEST_B_3DCONV_0,stf_3dconv,DAUB,82bcc58e16fdced421bb35c7ca04d497e0bd7d0fbe1ea0770aa306aefb739a64,0,/home/dell/lxs/tsgmamba/ultralytics-main/revision_work/series_b/runs/B_3DCONV_0/weights/selected_final.pt,SSE_DAUB_SERIES_B_20260915,AP50-95,61.76069777665945,percent,/home/dell/lxs/tsgmamba/ultralytics-main/revision_work/series_b/runs/B_3DCONV_0/TEST/run.json,verified,True
TEST_R1,full,DAUB,82bcc58e16fdced421bb35c7ca04d497e0bd7d0fbe1ea0770aa306aefb739a64,2027,/home/dell/lxs/tsgmamba/ultralytics-main/revision_work/series_b/runs/R1/weights/selected_final.pt,SSE_DAUB_SERIES_B_20260915,AP50,84.30662031147345,percent,/home/dell/lxs/tsgmamba/ultralytics-main/revision_work/series_b/runs/R1/TEST/run.json,verified,True
TEST_R1,full,DAUB,82bcc58e16fdced421bb35c7ca04d497e0bd7d0fbe1ea0770aa306aefb739a64,2027,/home/dell/lxs/tsgmamba/ultralytics-main/revision_work/series_b/runs/R1/weights/selected_final.pt,SSE_DAUB_SERIES_B_20260915,AP50-95,60.273286297518304,percent,/home/dell/lxs/tsgmamba/ultralytics-main/revision_work/series_b/runs/R1/TEST/run.json,verified,True
TEST_R2,stf_3dconv,DAUB,82bcc58e16fdced421bb35c7ca04d497e0bd7d0fbe1ea0770aa306aefb739a64,2027,/home/dell/lxs/tsgmamba/ultralytics-main/revision_work/series_b/runs/R2/weights/selected_final.pt,SSE_DAUB_SERIES_B_20260915,AP50,84.69643234931632,percent,/home/dell/lxs/tsgmamba/ultralytics-main/revision_work/series_b/runs/R2/TEST/run.json,verified,True
TEST_R2,stf_3dconv,DAUB,82bcc58e16fdced421bb35c7ca04d497e0bd7d0fbe1ea0770aa306aefb739a64,2027,/home/dell/lxs/tsgmamba/ultralytics-main/revision_work/series_b/runs/R2/weights/selected_final.pt,SSE_DAUB_SERIES_B_20260915,AP50-95,59.10087681969641,percent,/home/dell/lxs/tsgmamba/ultralytics-main/revision_work/series_b/runs/R2/TEST/run.json,verified,True
TEST_R3,full,DAUB,82bcc58e16fdced421bb35c7ca04d497e0bd7d0fbe1ea0770aa306aefb739a64,3407,/home/dell/lxs/tsgmamba/ultralytics-main/revision_work/series_b/runs/R3/weights/selected_final.pt,SSE_DAUB_SERIES_B_20260915,AP50,84.99227782561431,percent,/home/dell/lxs/tsgmamba/ultralytics-main/revision_work/series_b/runs/R3/TEST/run.json,verified,True
TEST_R3,full,DAUB,82bcc58e16fdced421bb35c7ca04d497e0bd7d0fbe1ea0770aa306aefb739a64,3407,/home/dell/lxs/tsgmamba/ultralytics-main/revision_work/series_b/runs/R3/weights/selected_final.pt,SSE_DAUB_SERIES_B_20260915,AP50-95,60.71746563359688,percent,/home/dell/lxs/tsgmamba/ultralytics-main/revision_work/series_b/runs/R3/TEST/run.json,verified,True
TEST_R4,stf_3dconv,DAUB,82bcc58e16fdced421bb35c7ca04d497e0bd7d0fbe1ea0770aa306aefb739a64,3407,/home/dell/lxs/tsgmamba/ultralytics-main/revision_work/series_b/runs/R4/weights/selected_final.pt,SSE_DAUB_SERIES_B_20260915,AP50,86.61703600900219,percent,/home/dell/lxs/tsgmamba/ultralytics-main/revision_work/series_b/runs/R4/TEST/run.json,verified,True
TEST_R4,stf_3dconv,DAUB,82bcc58e16fdced421bb35c7ca04d497e0bd7d0fbe1ea0770aa306aefb739a64,3407,/home/dell/lxs/tsgmamba/ultralytics-main/revision_work/series_b/runs/R4/weights/selected_final.pt,SSE_DAUB_SERIES_B_20260915,AP50-95,61.36456766412262,percent,/home/dell/lxs/tsgmamba/ultralytics-main/revision_work/series_b/runs/R4/TEST/run.json,verified,True
TEST_E1,sste_saam,DAUB,82bcc58e16fdced421bb35c7ca04d497e0bd7d0fbe1ea0770aa306aefb739a64,0,/home/dell/lxs/tsgmamba/ultralytics-main/revision_work/series_b/runs/E1/weights/selected_final.pt,SSE_DAUB_SERIES_B_20260915,AP50,85.48434724759551,percent,/home/dell/lxs/tsgmamba/ultralytics-main/revision_work/series_b/runs/E1/TEST/run.json,verified,True
TEST_E1,sste_saam,DAUB,82bcc58e16fdced421bb35c7ca04d497e0bd7d0fbe1ea0770aa306aefb739a64,0,/home/dell/lxs/tsgmamba/ultralytics-main/revision_work/series_b/runs/E1/weights/selected_final.pt,SSE_DAUB_SERIES_B_20260915,AP50-95,60.524827802061345,percent,/home/dell/lxs/tsgmamba/ultralytics-main/revision_work/series_b/runs/E1/TEST/run.json,verified,True
TEST_E2,full,DAUB,82bcc58e16fdced421bb35c7ca04d497e0bd7d0fbe1ea0770aa306aefb739a64,0,/home/dell/lxs/tsgmamba/ultralytics-main/revision_work/series_b/runs/E2/weights/selected_final.pt,SSE_DAUB_SERIES_B_20260915,AP50,86.82337596386238,percent,/home/dell/lxs/tsgmamba/ultralytics-main/revision_work/series_b/runs/E2/TEST/run.json,verified,True
TEST_E2,full,DAUB,82bcc58e16fdced421bb35c7ca04d497e0bd7d0fbe1ea0770aa306aefb739a64,0,/home/dell/lxs/tsgmamba/ultralytics-main/revision_work/series_b/runs/E2/weights/selected_final.pt,SSE_DAUB_SERIES_B_20260915,AP50-95,61.52844091852761,percent,/home/dell/lxs/tsgmamba/ultralytics-main/revision_work/series_b/runs/E2/TEST/run.json,verified,True
TEST_E3,full,DAUB,82bcc58e16fdced421bb35c7ca04d497e0bd7d0fbe1ea0770aa306aefb739a64,0,/home/dell/lxs/tsgmamba/ultralytics-main/revision_work/series_b/runs/E3/weights/selected_final.pt,SSE_DAUB_SERIES_B_20260915,AP50,91.54839434799673,percent,/home/dell/lxs/tsgmamba/ultralytics-main/revision_work/series_b/runs/E3/TEST/run.json,verified,True
TEST_E3,full,DAUB,82bcc58e16fdced421bb35c7ca04d497e0bd7d0fbe1ea0770aa306aefb739a64,0,/home/dell/lxs/tsgmamba/ultralytics-main/revision_work/series_b/runs/E3/weights/selected_final.pt,SSE_DAUB_SERIES_B_20260915,AP50-95,63.777412031886804,percent,/home/dell/lxs/tsgmamba/ultralytics-main/revision_work/series_b/runs/E3/TEST/run.json,verified,True
TEST_E4,full,DAUB,82bcc58e16fdced421bb35c7ca04d497e0bd7d0fbe1ea0770aa306aefb739a64,0,/home/dell/lxs/tsgmamba/ultralytics-main/revision_work/series_b/runs/E4/weights/selected_final.pt,SSE_DAUB_SERIES_B_20260915,AP50,90.08304728931124,percent,/home/dell/lxs/tsgmamba/ultralytics-main/revision_work/series_b/runs/E4/TEST/run.json,verified,True
TEST_E4,full,DAUB,82bcc58e16fdced421bb35c7ca04d497e0bd7d0fbe1ea0770aa306aefb739a64,0,/home/dell/lxs/tsgmamba/ultralytics-main/revision_work/series_b/runs/E4/weights/selected_final.pt,SSE_DAUB_SERIES_B_20260915,AP50-95,61.33150733431668,percent,/home/dell/lxs/tsgmamba/ultralytics-main/revision_work/series_b/runs/E4/TEST/run.json,verified,True
TEST_E5,full,DAUB,82bcc58e16fdced421bb35c7ca04d497e0bd7d0fbe1ea0770aa306aefb739a64,0,/home/dell/lxs/tsgmamba/ultralytics-main/revision_work/series_b/runs/E5/weights/selected_final.pt,SSE_DAUB_SERIES_B_20260915,AP50,87.98774155919813,percent,/home/dell/lxs/tsgmamba/ultralytics-main/revision_work/series_b/runs/E5/TEST/run.json,verified,True
TEST_E5,full,DAUB,82bcc58e16fdced421bb35c7ca04d497e0bd7d0fbe1ea0770aa306aefb739a64,0,/home/dell/lxs/tsgmamba/ultralytics-main/revision_work/series_b/runs/E5/weights/selected_final.pt,SSE_DAUB_SERIES_B_20260915,AP50-95,61.51083714349792,percent,/home/dell/lxs/tsgmamba/ultralytics-main/revision_work/series_b/runs/E5/TEST/run.json,verified,True
TEST_E6,full,DAUB,82bcc58e16fdced421bb35c7ca04d497e0bd7d0fbe1ea0770aa306aefb739a64,0,/home/dell/lxs/tsgmamba/ultralytics-main/revision_work/series_b/runs/E6/weights/selected_final.pt,SSE_DAUB_SERIES_B_20260915,AP50,87.09325535463157,percent,/home/dell/lxs/tsgmamba/ultralytics-main/revision_work/series_b/runs/E6/TEST/run.json,verified,True
TEST_E6,full,DAUB,82bcc58e16fdced421bb35c7ca04d497e0bd7d0fbe1ea0770aa306aefb739a64,0,/home/dell/lxs/tsgmamba/ultralytics-main/revision_work/series_b/runs/E6/weights/selected_final.pt,SSE_DAUB_SERIES_B_20260915,AP50-95,61.36220842081137,percent,/home/dell/lxs/tsgmamba/ultralytics-main/revision_work/series_b/runs/E6/TEST/run.json,verified,True
TEST_E7,full,DAUB,82bcc58e16fdced421bb35c7ca04d497e0bd7d0fbe1ea0770aa306aefb739a64,0,/home/dell/lxs/tsgmamba/ultralytics-main/revision_work/series_b/runs/E7/weights/selected_final.pt,SSE_DAUB_SERIES_B_20260915,AP50,87.77689686285292,percent,/home/dell/lxs/tsgmamba/ultralytics-main/revision_work/series_b/runs/E7/TEST/run.json,verified,True
TEST_E7,full,DAUB,82bcc58e16fdced421bb35c7ca04d497e0bd7d0fbe1ea0770aa306aefb739a64,0,/home/dell/lxs/tsgmamba/ultralytics-main/revision_work/series_b/runs/E7/weights/selected_final.pt,SSE_DAUB_SERIES_B_20260915,AP50-95,62.201993571084266,percent,/home/dell/lxs/tsgmamba/ultralytics-main/revision_work/series_b/runs/E7/TEST/run.json,verified,True
TEST_E8,full,DAUB,82bcc58e16fdced421bb35c7ca04d497e0bd7d0fbe1ea0770aa306aefb739a64,0,/home/dell/lxs/tsgmamba/ultralytics-main/revision_work/series_b/runs/E8/weights/selected_final.pt,SSE_DAUB_SERIES_B_20260915,AP50,88.77960200078859,percent,/home/dell/lxs/tsgmamba/ultralytics-main/revision_work/series_b/runs/E8/TEST/run.json,verified,True
TEST_E8,full,DAUB,82bcc58e16fdced421bb35c7ca04d497e0bd7d0fbe1ea0770aa306aefb739a64,0,/home/dell/lxs/tsgmamba/ultralytics-main/revision_work/series_b/runs/E8/weights/selected_final.pt,SSE_DAUB_SERIES_B_20260915,AP50-95,62.39983049904213,percent,/home/dell/lxs/tsgmamba/ultralytics-main/revision_work/series_b/runs/E8/TEST/run.json,verified,True
TEST_E9,full,DAUB,82bcc58e16fdced421bb35c7ca04d497e0bd7d0fbe1ea0770aa306aefb739a64,0,/home/dell/lxs/tsgmamba/ultralytics-main/revision_work/series_b/runs/E9/weights/selected_final.pt,SSE_DAUB_SERIES_B_20260915,AP50,90.36407176764712,percent,/home/dell/lxs/tsgmamba/ultralytics-main/revision_work/series_b/runs/E9/TEST/run.json,verified,True
TEST_E9,full,DAUB,82bcc58e16fdced421bb35c7ca04d497e0bd7d0fbe1ea0770aa306aefb739a64,0,/home/dell/lxs/tsgmamba/ultralytics-main/revision_work/series_b/runs/E9/weights/selected_final.pt,SSE_DAUB_SERIES_B_20260915,AP50-95,62.03261193718198,percent,/home/dell/lxs/tsgmamba/ultralytics-main/revision_work/series_b/runs/E9/TEST/run.json,verified,True
P1_full_s1,full,DAUB_common_i_ge_16,ab421faf61967f61aae171d9ac5333a10e6d3ca23a5441be1458c8172cbcd8e0,0,/home/dell/lxs/tsgmamba/ultralytics-main/revision_work/series_b/runs/B_FULL_0/weights/selected_final.pt,SSE_DAUB_SERIES_B_20260915,AP50,84.72557177368519,percent,/home/dell/lxs/tsgmamba/ultralytics-main/revision_work/series_b/runs/B_FULL_0/P1_s1/run.json,verified,True
P1_full_s1,full,DAUB_common_i_ge_16,ab421faf61967f61aae171d9ac5333a10e6d3ca23a5441be1458c8172cbcd8e0,0,/home/dell/lxs/tsgmamba/ultralytics-main/revision_work/series_b/runs/B_FULL_0/weights/selected_final.pt,SSE_DAUB_SERIES_B_20260915,AP50-95,57.850683239316005,percent,/home/dell/lxs/tsgmamba/ultralytics-main/revision_work/series_b/runs/B_FULL_0/P1_s1/run.json,verified,True
P1_full_s2,full,DAUB_common_i_ge_16,ab421faf61967f61aae171d9ac5333a10e6d3ca23a5441be1458c8172cbcd8e0,0,/home/dell/lxs/tsgmamba/ultralytics-main/revision_work/series_b/runs/B_FULL_0/weights/selected_final.pt,SSE_DAUB_SERIES_B_20260915,AP50,84.56511108319631,percent,/home/dell/lxs/tsgmamba/ultralytics-main/revision_work/series_b/runs/B_FULL_0/P1_s2/run.json,verified,True
P1_full_s2,full,DAUB_common_i_ge_16,ab421faf61967f61aae171d9ac5333a10e6d3ca23a5441be1458c8172cbcd8e0,0,/home/dell/lxs/tsgmamba/ultralytics-main/revision_work/series_b/runs/B_FULL_0/weights/selected_final.pt,SSE_DAUB_SERIES_B_20260915,AP50-95,57.73330344592635,percent,/home/dell/lxs/tsgmamba/ultralytics-main/revision_work/series_b/runs/B_FULL_0/P1_s2/run.json,verified,True
P1_full_s4,full,DAUB_common_i_ge_16,ab421faf61967f61aae171d9ac5333a10e6d3ca23a5441be1458c8172cbcd8e0,0,/home/dell/lxs/tsgmamba/ultralytics-main/revision_work/series_b/runs/B_FULL_0/weights/selected_final.pt,SSE_DAUB_SERIES_B_20260915,AP50,84.44435392332836,percent,/home/dell/lxs/tsgmamba/ultralytics-main/revision_work/series_b/runs/B_FULL_0/P1_s4/run.json,verified,True
P1_full_s4,full,DAUB_common_i_ge_16,ab421faf61967f61aae171d9ac5333a10e6d3ca23a5441be1458c8172cbcd8e0,0,/home/dell/lxs/tsgmamba/ultralytics-main/revision_work/series_b/runs/B_FULL_0/weights/selected_final.pt,SSE_DAUB_SERIES_B_20260915,AP50-95,57.680556984274034,percent,/home/dell/lxs/tsgmamba/ultralytics-main/revision_work/series_b/runs/B_FULL_0/P1_s4/run.json,verified,True
P1_STF-3DConv_s1,STF-3DConv,DAUB_common_i_ge_16,ab421faf61967f61aae171d9ac5333a10e6d3ca23a5441be1458c8172cbcd8e0,0,/home/dell/lxs/tsgmamba/ultralytics-main/revision_work/series_b/runs/B_3DCONV_0/weights/selected_final.pt,SSE_DAUB_SERIES_B_20260915,AP50,86.74821676889614,percent,/home/dell/lxs/tsgmamba/ultralytics-main/revision_work/series_b/runs/B_3DCONV_0/P1_s1/run.json,verified,True
P1_STF-3DConv_s1,STF-3DConv,DAUB_common_i_ge_16,ab421faf61967f61aae171d9ac5333a10e6d3ca23a5441be1458c8172cbcd8e0,0,/home/dell/lxs/tsgmamba/ultralytics-main/revision_work/series_b/runs/B_3DCONV_0/weights/selected_final.pt,SSE_DAUB_SERIES_B_20260915,AP50-95,61.87745618477636,percent,/home/dell/lxs/tsgmamba/ultralytics-main/revision_work/series_b/runs/B_3DCONV_0/P1_s1/run.json,verified,True
P1_STF-3DConv_s2,STF-3DConv,DAUB_common_i_ge_16,ab421faf61967f61aae171d9ac5333a10e6d3ca23a5441be1458c8172cbcd8e0,0,/home/dell/lxs/tsgmamba/ultralytics-main/revision_work/series_b/runs/B_3DCONV_0/weights/selected_final.pt,SSE_DAUB_SERIES_B_20260915,AP50,86.64659150367477,percent,/home/dell/lxs/tsgmamba/ultralytics-main/revision_work/series_b/runs/B_3DCONV_0/P1_s2/run.json,verified,True
P1_STF-3DConv_s2,STF-3DConv,DAUB_common_i_ge_16,ab421faf61967f61aae171d9ac5333a10e6d3ca23a5441be1458c8172cbcd8e0,0,/home/dell/lxs/tsgmamba/ultralytics-main/revision_work/series_b/runs/B_3DCONV_0/weights/selected_final.pt,SSE_DAUB_SERIES_B_20260915,AP50-95,62.03805854226769,percent,/home/dell/lxs/tsgmamba/ultralytics-main/revision_work/series_b/runs/B_3DCONV_0/P1_s2/run.json,verified,True
P1_STF-3DConv_s4,STF-3DConv,DAUB_common_i_ge_16,ab421faf61967f61aae171d9ac5333a10e6d3ca23a5441be1458c8172cbcd8e0,0,/home/dell/lxs/tsgmamba/ultralytics-main/revision_work/series_b/runs/B_3DCONV_0/weights/selected_final.pt,SSE_DAUB_SERIES_B_20260915,AP50,86.42950211462261,percent,/home/dell/lxs/tsgmamba/ultralytics-main/revision_work/series_b/runs/B_3DCONV_0/P1_s4/run.json,verified,True
P1_STF-3DConv_s4,STF-3DConv,DAUB_common_i_ge_16,ab421faf61967f61aae171d9ac5333a10e6d3ca23a5441be1458c8172cbcd8e0,0,/home/dell/lxs/tsgmamba/ultralytics-main/revision_work/series_b/runs/B_3DCONV_0/weights/selected_final.pt,SSE_DAUB_SERIES_B_20260915,AP50-95,61.993892183662226,percent,/home/dell/lxs/tsgmamba/ultralytics-main/revision_work/series_b/runs/B_3DCONV_0/P1_s4/run.json,verified,True
P2_full,full,DAUB,82bcc58e16fdced421bb35c7ca04d497e0bd7d0fbe1ea0770aa306aefb739a64,0,/home/dell/lxs/tsgmamba/ultralytics-main/revision_work/series_b/runs/B_FULL_0/weights/selected_final.pt,SSE_DAUB_SERIES_B_20260915,false_positives_conf025_iou05,0.06694473409801877,false_positives/frame,/home/dell/lxs/tsgmamba/ultralytics-main/revision_work/series_b/runs/B_FULL_0/TEST/run.json,verified,True
P4_full,full,synthetic_fixed_input,,0,/home/dell/lxs/tsgmamba/ultralytics-main/revision_work/series_b/runs/B_FULL_0/weights/selected_final.pt,SSE_DAUB_SERIES_B_20260915,mean_latency_ms,11.743989522372814,ms/clip,/home/dell/lxs/tsgmamba/ultralytics-main/revision_work/series_b/runs/B_FULL_0/P4/run.json,verified,True
P4_full,full,synthetic_fixed_input,,0,/home/dell/lxs/tsgmamba/ultralytics-main/revision_work/series_b/runs/B_FULL_0/weights/selected_final.pt,SSE_DAUB_SERIES_B_20260915,throughput_clips_s,85.14993972831432,clips/s,/home/dell/lxs/tsgmamba/ultralytics-main/revision_work/series_b/runs/B_FULL_0/P4/run.json,verified,True
P4_full,full,synthetic_fixed_input,,0,/home/dell/lxs/tsgmamba/ultralytics-main/revision_work/series_b/runs/B_FULL_0/weights/selected_final.pt,SSE_DAUB_SERIES_B_20260915,peak_allocated_bytes,410487296,bytes,/home/dell/lxs/tsgmamba/ultralytics-main/revision_work/series_b/runs/B_FULL_0/P4/run.json,verified,True
P4_full,full,synthetic_fixed_input,,0,/home/dell/lxs/tsgmamba/ultralytics-main/revision_work/series_b/runs/B_FULL_0/weights/selected_final.pt,SSE_DAUB_SERIES_B_20260915,parameters,4014485,parameters,/home/dell/lxs/tsgmamba/ultralytics-main/revision_work/series_b/runs/B_FULL_0/P4/run.json,verified,True
P2_STF-3DConv,STF-3DConv,DAUB,82bcc58e16fdced421bb35c7ca04d497e0bd7d0fbe1ea0770aa306aefb739a64,0,/home/dell/lxs/tsgmamba/ultralytics-main/revision_work/series_b/runs/B_3DCONV_0/weights/selected_final.pt,SSE_DAUB_SERIES_B_20260915,false_positives_conf025_iou05,0.05401459854014599,false_positives/frame,/home/dell/lxs/tsgmamba/ultralytics-main/revision_work/series_b/runs/B_3DCONV_0/TEST/run.json,verified,True
P4_STF-3DConv,STF-3DConv,synthetic_fixed_input,,0,/home/dell/lxs/tsgmamba/ultralytics-main/revision_work/series_b/runs/B_3DCONV_0/weights/selected_final.pt,SSE_DAUB_SERIES_B_20260915,mean_latency_ms,5.8853243835466476,ms/clip,/home/dell/lxs/tsgmamba/ultralytics-main/revision_work/series_b/runs/B_3DCONV_0/P4/run.json,verified,True
P4_STF-3DConv,STF-3DConv,synthetic_fixed_input,,0,/home/dell/lxs/tsgmamba/ultralytics-main/revision_work/series_b/runs/B_3DCONV_0/weights/selected_final.pt,SSE_DAUB_SERIES_B_20260915,throughput_clips_s,169.91416867278508,clips/s,/home/dell/lxs/tsgmamba/ultralytics-main/revision_work/series_b/runs/B_3DCONV_0/P4/run.json,verified,True
P4_STF-3DConv,STF-3DConv,synthetic_fixed_input,,0,/home/dell/lxs/tsgmamba/ultralytics-main/revision_work/series_b/runs/B_3DCONV_0/weights/selected_final.pt,SSE_DAUB_SERIES_B_20260915,peak_allocated_bytes,376955392,bytes,/home/dell/lxs/tsgmamba/ultralytics-main/revision_work/series_b/runs/B_3DCONV_0/P4/run.json,verified,True
P4_STF-3DConv,STF-3DConv,synthetic_fixed_input,,0,/home/dell/lxs/tsgmamba/ultralytics-main/revision_work/series_b/runs/B_3DCONV_0/weights/selected_final.pt,SSE_DAUB_SERIES_B_20260915,parameters,4011822,parameters,/home/dell/lxs/tsgmamba/ultralytics-main/revision_work/series_b/runs/B_3DCONV_0/P4/run.json,verified,True
P3_full,full,NUDT-MIRSDT,67489bd731dbf2c920496791457e7d2b13ace321541488faf2b4fe5bade86d4e,0,/home/dell/lxs/tsgmamba/ultralytics-main/revision_work/series_b/runs/B_FULL_0/weights/selected_final.pt,P3_NUDT_MIRSDT_OFFICIAL_TEST_20260915,AP50,5.759471882484847,percent,/home/dell/lxs/tsgmamba/ultralytics-main/revision_work/series_b/runs/B_FULL_0/P3/run.json,verified,True
P3_full,full,NUDT-MIRSDT,67489bd731dbf2c920496791457e7d2b13ace321541488faf2b4fe5bade86d4e,0,/home/dell/lxs/tsgmamba/ultralytics-main/revision_work/series_b/runs/B_FULL_0/weights/selected_final.pt,P3_NUDT_MIRSDT_OFFICIAL_TEST_20260915,AP50-95,1.0368529964111317,percent,/home/dell/lxs/tsgmamba/ultralytics-main/revision_work/series_b/runs/B_FULL_0/P3/run.json,verified,True
P3_full,full,NUDT-MIRSDT,67489bd731dbf2c920496791457e7d2b13ace321541488faf2b4fe5bade86d4e,0,/home/dell/lxs/tsgmamba/ultralytics-main/revision_work/series_b/runs/B_FULL_0/weights/selected_final.pt,P3_NUDT_MIRSDT_OFFICIAL_TEST_20260915,false_positives_conf025_iou05,0.0405,false_positives/frame,/home/dell/lxs/tsgmamba/ultralytics-main/revision_work/series_b/runs/B_FULL_0/P3/run.json,verified,True
P3_STF-3DConv,STF-3DConv,NUDT-MIRSDT,67489bd731dbf2c920496791457e7d2b13ace321541488faf2b4fe5bade86d4e,0,/home/dell/lxs/tsgmamba/ultralytics-main/revision_work/series_b/runs/B_3DCONV_0/weights/selected_final.pt,P3_NUDT_MIRSDT_OFFICIAL_TEST_20260915,AP50,8.962562780749131,percent,/home/dell/lxs/tsgmamba/ultralytics-main/revision_work/series_b/runs/B_3DCONV_0/P3/run.json,verified,True
P3_STF-3DConv,STF-3DConv,NUDT-MIRSDT,67489bd731dbf2c920496791457e7d2b13ace321541488faf2b4fe5bade86d4e,0,/home/dell/lxs/tsgmamba/ultralytics-main/revision_work/series_b/runs/B_3DCONV_0/weights/selected_final.pt,P3_NUDT_MIRSDT_OFFICIAL_TEST_20260915,AP50-95,1.6465447611611113,percent,/home/dell/lxs/tsgmamba/ultralytics-main/revision_work/series_b/runs/B_3DCONV_0/P3/run.json,verified,True
P3_STF-3DConv,STF-3DConv,NUDT-MIRSDT,67489bd731dbf2c920496791457e7d2b13ace321541488faf2b4fe5bade86d4e,0,/home/dell/lxs/tsgmamba/ultralytics-main/revision_work/series_b/runs/B_3DCONV_0/weights/selected_final.pt,P3_NUDT_MIRSDT_OFFICIAL_TEST_20260915,false_positives_conf025_iou05,0.032,false_positives/frame,/home/dell/lxs/tsgmamba/ultralytics-main/revision_work/series_b/runs/B_3DCONV_0/P3/run.json,verified,True
